date,prolific_id,story,persp,p_type,1,q1,2,q2,3,q3,4,q4,5,q5,6,q6,7,q7,8,q8
2020-09-17,5eac5376dfc1010c08a633bb,13,10,2,"""smelled odd and was dimly lit""",,"""pasta sauce and bowtie pasta""",,"""1, the one the clients have entered""",,"""32 dollars, credit card""",,""" 3 months""",,"""constant fighting""",,"""yes, they are also tired of fighting""",,"""liam wants luna the cat""",
2020-09-17,571ceeb64ca277000953d1c1,13,3,0,""" smells of lavendar and lined with pine shelves of organic food""",,"""bow tie pasta and pasta sauce""",,"""2""",,"""37 and credit card""",,"""5 months""",,"""they fight over the smallest of things""",,"""yes, because they no longer feel like they can work through the fighting""",,"""Liam wants the cat back""",
2020-09-17,5bf18310fb616800014fd2dd,13,3,0,""" quiet""",,"""pasta""",,"""1""",,"""Emmanuella paid""",,"""months""",,"""fight too much""",,"""Yes, they would be happier with other people""",,"""Liam wants his cat back""",
2020-09-17,5eb5dafddac6754c4ee9d0d7,13,3,1,"""smells like lavender and is dimly lit""",,"""pasta, vodka sauce, olives""",,"""1 checkout lane is open, the clients step into station 2""",,"""groceries cost 30 dollars and paid with credit card""",,""" 5 months""",,"""arguing too much""",,"""yes he thinks they will be happier""",,"""liam wanted the cat""",
2020-09-17,5eaa0e5b3b32cf1b13880d65,13,3,0,"""normal and not too crowded.""",,"""pasta""",,"""just one was available and lane 2 to be specific.""",,"""30 dollars and she used her credit card.""",,"""for a while  now emanuella has been thinking of the divorce and was waiting after the dinner event to break up. """,,"""she does not get enough attention and help from liam, he does not support heras much as she expected and she is tired and frustrated within herself.""",,"""yes they both agreed to break up, if it will make them both happy but he seem to say that for the moment to kind of let the tension pass.""",,"""liam wants the cat.""",
