date,prolific_id,story,persp,p_type,1,q1,2,q2,3,q3,4,q4,5,q5,6,q6,7,q7,8,q8
2020-09-17,5ed9232765948647682f2a62,14,4,0,"""big""",,"""They are in a class on philosophy, and the lecture is about Aristotle and his categories""",,"""Our word for category comes from Aristotle""",,"""The exam is next week""",,"""four weeks""",,"""they will not work long distance and she is going abroad""",,"""he does not want to break up because he loves her""",,"""Maria wants her alpaca sweater back after she left it in his dorm""",
2020-09-17,5ecb879410d64c70d022d544,14,10,2,""" Large""",,"""Philosiphy, catorgies""",,"""catagories come from greak""",,,,"""1 weak""",,"""Cant do long distance""",,"""No, he loves her""",,"""Maria wants her alpaca sweater back""",
2020-09-17,5eb83f00de449a08d23547dd,14,10,2,""" large""",,"""philosophy, and aristotles categories""",,"""categories were considered introduction to aristotle""",,"""donapostrophe """,,"""2 months""",,"""she is going to be going away for study abroad""",,"""no, he thinks they can still work it out even if itapostrophe """,,"""alpaca sweater""",
2020-09-17,5e013bff839079d2336c9b06,14,4,0,""" big hall with high ceilings. about 17 rows of desks""",,"""aristotle""",,,,,,"""did not specify""",,"""long distance""",,"""long distance""",,"""maria""",
2020-09-17,5def71cd68885201653393ab,14,4,1,"""big""",,"""ancient studies talking about aritstoles categories""",,"""aristostles had 10 categories""",,"""the exam""",,""" for a week""",,"""because she is going on a study abroad""",,"""he does not because he loves her""",,"""maria wants her alpaca sweatshirt back""",
2020-09-17,55a43687fdf99b7da1908e0f,14,4,0,"""large""",,"""anthropology""",,"""aristoltle""",,"""exam next week""",,""" weeks""",,"""she did not want to do long distance.""",,"""no, they love her,""",,"""maria""",
2020-09-17,59dc458f77860e000151240e,14,4,1,"""The lecture hall is large and spacious. """,,"""The students are in a philosophy class and the lecture is about categories.""",,"""Concepts from ancient Greeks and the history behind them.""",,"""They had to write a paper on the Socratic method next week.""",,""" Maria had been thinking about breaking up for a few weeks.""",,"""Maria was going to be traveling abroad and did not want to be bogged down by thinking of Henry.""",,"""No, Henry does not want to break up because he still loves Maria.""",,"""Maria wants her favorite alpaca sweater back before she leaves for her trip.""",
2020-09-17,5b1386089663ee0001461b6e,14,4,0,"""Do not remember.  I think there was something about light or dust.""",,"""I think it was Aristotle, about categories.""",,"""Philosophy.""",,"""Do not remember""",,""" Do not remember""",,"""She could not do a long distance relationship""",,"""No""",,"""Maria""",
2020-09-17,5e90781c06c6ee000974d087,14,10,2,"""A stage at the front with 15 tiers of seats""",,"""Philosophy to do categories of some sort?""",,"""Aristoltle?""",,"""They have an exam next tuesday""",,""" For a while, probobaly since she got confirmed to do a study abroad""",,"""She is moving away to study abroad and doesnapostrophet want to do long distance""",,"""No, they love Maria.""",,"""Maria wants her alpacca sweater from Henryapostrophes dorm room""",
