date,prolific_id,story,persp,p_type,1,q1,2,q2,3,q3,4,q4,5,q5,6,q6,7,q7,8,q8
2020-09-17,5e70f95a7b8fa90009292b14,34,4,1,""" it is large, it has three projectors""",,"""it is a history class, and the subject is learning about Augustus and the Roman Empire""",,"""the history of the roman empire""",,"""the midterm is due on Thursday and is to be emailed""",,"""Alma is the Ceo and Founder of a company and Charlie is a finance person for his company""",,"""$28,000""",,"""Churchill something""",,"""they hug after making the verbal deal""",
2020-09-17,5eb5f6d5e38e9f4e6c8dde3f,34,4,0,"""it is big and spacious and has many projectors""",,"""it is about ancient history and rome""",,"""that rome was trying to become as beautiful as athens""",,"""there was an assignment due by the next class""",,"""alma has a business startup and charlie is a part of a group that funds business startups""",,"""about half of $52,000""",,"""i do not remember""",,"""a hug""",
2020-09-17,5ec7a3794f89b8205c25fba3,34,4,1,"""large, inferred by the fact that they could whisper throughout the lecture and theywerent heard""",,"""history class, it was about augustus""",,"""history, specifically about the romans""",,"""an exam on thursday""",,""" Charlie works as part of a student funding group Alma is a Ceo""",,"""56000""",,"""cannot remember""",,"""hug""",
2020-09-17,5de12fbfe4f42a1842172d7a,34,4,0,"""an auditorium""",,"""archeology and about augustus""",,"""augustus""",,"""thursday""",,""" business trading?""",,"""28000""",,,,"""a hug""",
2020-09-17,5cdad620eae6f70019d4e950,34,4,1,"""big with lots of outlets for charging""",,"""history""",,"""I cant recall. """,,"""Write a paper of some kind.""",,""" Alma started the company. Charlie is on a financial team.""",,"""25000""",,"""Churchill group or something""",,"""handshake""",
2020-09-17,5caa2d8967451a0015304067,34,30,2,""" no idea! """,,"""Greeceslashromans""",,"""no idea""",,"""no idea""",,"""alma was ceo?""",,"""28000 offered then full 56000""",,"""churchill""",,"""hugged""",
2020-09-17,58d9a79c33fef3000118abdf,34,4,1,""" It was wide with electrical outlets for the students.""",,"""Archaeology, the lecture was about Augustus infulence of Roman architecuture.""",,"""What Augustus has done for Rome.""",,"""It was the midterms tomorrow""",,"""Investor and web developer""",,"""52000""",,"""Don""",,"""They hugged""",
2020-09-17,59feed1da383a100011b3eaa,34,4,1,""" it is large with projectors""",,"""It is about Roman architecture in the era of Augustus.  I dont remember the class name.""",,"""Augustus wanted to transform Rome into the new Athens""",,"""the midterm paper is due on thursday and should be emailed to the TA""",,"""Charlie is a fund manager for a campus investment group and Alma is founder and CEO of a website""",,"""$28000""",,"""Churchill""",,"""a hug""",
2020-09-17,5d0114857be13b0016e991c3,34,30,2,"""dark and narrow""",,,,"""not sure""",,"""next week""",,""" web developers""",,"""100000""",,"""not sure""",,"""shake of hands""",
