participant,story,schema,1,2,3,4,5,6,7,8
030119_p3,23,Location,It's very bright and festive,Cranberry sauce,The line wasnt too long ,It was 4 dollars and they paied in cash,Alex was nervous becuase he doesnt want chloe to find out,There are three dimonds on it,No,The friends and the customers at the shop
030319_p3,23,Social,The grocery store is crowded and festive. people are buying groceries for thanksgiving dinner,Alex and chloe buy some cranberry sauce,"The checkout lines are somewhat long, alex and chloe do not have to wait too long because people let them go to the front after the proposal","The groceries are $50, they pay with cash ",Alex is feeling very nervous. he is sweaty and anxious ,The ring has three diamonds. one larger and two smaller on either side ,No one else helps with the proposal,All the customers in the shop and chloes friends that alex invited to the store witness it
030519_p1,23,Location,Normal. not too busy,Cranberry sauce,Checkout line is long. maybe 20 mintuesquestion ,$4 chase,He is super nervous,Diamond ring,No. but their friends are outside,"Friends, people in the store"
030719_p1,23,Social,"Fancy, lots of cheese",Cranberry sauce,Don't know,Cash  4$,Nervous very,Don't know,His friends,"His friends, cashier"
030719_p3,23,Location,The grocery store is brightly lit and slightly busy,"They pick out some sort of meat, maybe chicken","The line is short, they do not have to wait for a long time",They cost $30 and they pay via credit card ,He is nervous which chloe picks up on,The ring is one large diamond,Alex's friends are waiting at the front fo the store to take videos and pictures,Everyone in the grocery store at the time who were near the cash registers
031219_p1,23,Location,,Tomato,,Credit card,Nervous,A huge diamond with three smaller ones,No,"The people in the grocery, as well as friends"
031219_p2,23,Location,Decorated for thanksgiving,Everyone has turkeys and pies in their carts; alex and chloe buy cranberry sauce,It's long; they wait for 10 minutes.,$4; chloe pays in cash.,Excited,Three diamonds maybequestion,"Alex's friends are there to film and watch, but not really",Everyone in the store and their friends
031319_p2,23,Location,Preppared for thanksgiving ,Juice ,The line is kinda long,I dont know ,Super nervous,A band with small diamonds ,Friends ,Patrons of the store and the cashier and friends outside 
031519_p1,23,Location,"Large, lots of choice",Jam,"Long check out line, do not wait because other clients part to let them pass","4$, bills",Nervous,"Glittery, larg diamond",No,"People at the grocery store, friends, cashier"
031519_p2,23,Social,Big,Cranberry sauce,Pretty long,"$4, paid in cash",Super super nervous ,Very flashy 3 big diamonds encircled by smaller ones,His friends come in to film the reaction,"Everyone in the line, cashier, and the friends"
