priming,cor_type,dif, sub
np,loc_cor,0.010427146753132907,1
np,soc_cor,0.007590260797247278,1
np,loc_cor,-0.0003217873689597174,2
np,soc_cor,0.0505993643039131,2
np,loc_cor,0.004776527209615378,3
np,soc_cor,0.0027275247135693866,3
np,loc_cor,0.006533645941925588,4
np,soc_cor,0.012638606388199258,4
np,loc_cor,-0.0047990355357260105,5
np,soc_cor,0.00865231717663978,5
np,loc_cor,0.008672927587218214,6
np,soc_cor,0.0177666086377269,6
np,loc_cor,0.014699833305081136,7
np,soc_cor,0.009299241071699235,7
np,loc_cor,0.03094362880679173,8
np,soc_cor,0.005594492284358637,8
np,loc_cor,0.016708432336434195,9
np,soc_cor,-0.000673452787915846,9
np,loc_cor,0.0024484153600334633,10
np,soc_cor,0.054665620869772134,10
np,loc_cor,0.002052410080333118,11
np,soc_cor,0.00723472304058762,11
np,loc_cor,-0.0009067291780015144,12
np,soc_cor,0.04085062507317759,12
np,loc_cor,0.054204830967401335,13
np,soc_cor,-0.012155025403194264,13
loc,loc_cor,-0.008764285088493392,14
loc,soc_cor,0.038788187798335955,14
loc,loc_cor,0.00923235618611553,15
loc,soc_cor,0.007388762646287576,15
loc,loc_cor,0.015588779641779323,16
loc,soc_cor,0.01581789779691161,16
loc,loc_cor,0.01982382011976197,17
loc,soc_cor,0.00976603842613718,17
loc,loc_cor,-0.019776452120778814,18
loc,soc_cor,0.012093904224339647,18
loc,loc_cor,0.0068442508687114115,19
loc,soc_cor,0.0218548931325298,19
loc,loc_cor,0.00247952065432198,20
loc,soc_cor,0.02949970616272074,20
loc,loc_cor,0.14384702466743804,21
loc,soc_cor,-0.026530933955802485,21
loc,loc_cor,0.008254817531242924,22
loc,soc_cor,0.014223756568818895,22
soc,loc_cor,0.026288414754037644,23
soc,soc_cor,-0.006480809960767834,23
soc,loc_cor,-0.013979215186398759,24
soc,soc_cor,0.012560346113003582,24
soc,loc_cor,0.00764001294703087,25
soc,soc_cor,-0.016532856586643985,25
soc,loc_cor,0.004230250088767008,26
soc,soc_cor,0.05475656224164692,26
soc,loc_cor,0.014714497392032025,27
soc,soc_cor,0.0076745728879889594,27
soc,loc_cor,0.014561069620021011,28
soc,soc_cor,0.012077775498146521,28
soc,loc_cor,0.009701313316508116,29
soc,soc_cor,0.013462821497972972,29
np,loc_cor,0.017755611171849452,30
np,soc_cor,-0.003475465060106932,30
np,loc_cor,-0.027045174172292755,31
np,soc_cor,0.08839967463418205,31
np,loc_cor,0.01707335192078353,32
np,soc_cor,0.006612564975438655,32
np,loc_cor,0.014989453177958276,33
np,soc_cor,0.00015598627635930035,33
np,loc_cor,-0.00026567830595048206,34
np,soc_cor,0.004057432179880303,34
np,loc_cor,-0.030542204806931518,35
np,soc_cor,0.024099666925555832,35
np,loc_cor,0.05730465871088894,36
np,soc_cor,-0.015185335225535586,36
np,loc_cor,0.009174090607129353,37
np,soc_cor,0.00750951003075442,37
np,loc_cor,0.014385794323931476,38
np,soc_cor,0.00415141794406549,38
np,loc_cor,0.0085905356143757,39
np,soc_cor,0.005084588136020548,39
np,loc_cor,0.006035591757242664,40
np,soc_cor,0.0004194301788146681,40
np,loc_cor,0.009982549561778253,41
np,soc_cor,0.011971115802559232,41
np,loc_cor,0.003708839512029133,42
np,soc_cor,0.020598263716976862,42
np,loc_cor,0.025540766002985747,43
np,soc_cor,0.011897594760069664,43
loc,loc_cor,0.04744213816997947,44
loc,soc_cor,0.0008135506876398978,44
loc,loc_cor,0.010798486133290632,45
loc,soc_cor,0.027594962413353664,45
loc,loc_cor,-0.013982767387177736,46
loc,soc_cor,0.00800942330596971,46
loc,loc_cor,0.23683444638684828,47
loc,soc_cor,-0.02901089416236545,47
loc,loc_cor,0.026085717271438432,48
loc,soc_cor,0.009928017290287305,48
loc,loc_cor,0.004386750353823805,49
loc,soc_cor,0.015145496928731478,49
loc,loc_cor,0.01468855844116871,50
loc,soc_cor,0.012352436694548427,50
loc,loc_cor,0.03324766600098854,51
loc,soc_cor,0.004207643253608045,51
soc,loc_cor,0.010900024002490141,52
soc,soc_cor,0.0007181097737160216,52
soc,loc_cor,0.00528883621847789,53
soc,soc_cor,0.0005329645478899976,53
soc,loc_cor,0.02099442876199845,54
soc,soc_cor,-0.005080156130183756,54
soc,loc_cor,0.0066522431113793315,55
soc,soc_cor,0.0013660896193692425,55
soc,loc_cor,-0.005316664671636842,56
soc,soc_cor,0.020283956229438932,56
soc,loc_cor,-0.00823502637402401,57
soc,soc_cor,-0.001956005993689224,57
soc,loc_cor,0.010364176453448767,58
soc,soc_cor,-0.006987081554839025,58
np,loc_cor,-0.01770311894056314,59
np,soc_cor,0.005008870917495013,59
np,loc_cor,-0.0005210341592290404,60
np,soc_cor,-0.0018946588233443229,60
np,loc_cor,-0.0014839457332345932,61
np,soc_cor,0.018184707629877662,61
np,loc_cor,0.026362303691948957,62
np,soc_cor,0.029453816290026684,62
np,loc_cor,0.009729378008800527,63
np,soc_cor,0.002347778722354121,63
np,loc_cor,0.006856963578129258,64
np,soc_cor,0.002758868552262539,64
np,loc_cor,-0.0025047383078461594,65
np,soc_cor,0.0037882014782398034,65
np,loc_cor,-0.021578605025991585,66
np,soc_cor,0.015196425381491477,66
np,loc_cor,-0.002837474188372857,67
np,soc_cor,0.012218324008352429,67
np,loc_cor,0.013247445981486283,68
np,soc_cor,0.008601018039224702,68
np,loc_cor,-0.006236550086113287,69
np,soc_cor,0.01878908051661764,69
loc,loc_cor,0.00759949376548268,70
loc,soc_cor,0.0012285313269709865,70
loc,loc_cor,0.02292894964005064,71
loc,soc_cor,0.010262519772386465,71
loc,loc_cor,-0.011731498504772345,72
loc,soc_cor,0.0034475286422689464,72
loc,loc_cor,0.0028281268003632204,73
loc,soc_cor,0.05309671987792332,73
loc,loc_cor,0.006742567991472634,74
loc,soc_cor,0.00589830383237689,74
loc,loc_cor,0.01513949325866633,75
loc,soc_cor,0.02608721968222691,75
loc,loc_cor,0.0036110683720872875,76
loc,soc_cor,0.04019644109384862,76
loc,loc_cor,0.01010847400078772,77
loc,soc_cor,0.01866966468728342,77
loc,loc_cor,0.0008178652020679033,78
loc,soc_cor,0.008769672608566731,78
soc,loc_cor,0.011817492202129824,79
soc,soc_cor,0.010356933731487942,79
soc,loc_cor,0.009444440515323541,80
soc,soc_cor,0.007795627561939782,80
soc,loc_cor,0.023268405539456954,81
soc,soc_cor,0.00747950991992883,81
soc,loc_cor,-0.0008878794864336434,82
soc,soc_cor,0.00611764643554075,82
soc,loc_cor,0.01270667000748068,83
soc,soc_cor,4.3619388858707336e-05,83
np,loc_cor,0.007660499305606448,84
np,soc_cor,0.008935245143080285,84
np,loc_cor,0.0029790773305139358,85
np,soc_cor,-0.00026844726776266425,85
np,loc_cor,-0.0024672540921833533,86
np,soc_cor,0.009892194322087901,86
np,loc_cor,-0.004448562165840563,87
np,soc_cor,0.024014580287806644,87
np,loc_cor,-0.0036721708761878885,88
np,soc_cor,0.015448258997480941,88
np,loc_cor,-0.01128616433778657,89
np,soc_cor,0.010243693320094845,89
np,loc_cor,-0.004788044848971398,90
np,soc_cor,0.0013771489185820437,90
np,loc_cor,-0.005817420059682209,91
np,soc_cor,0.004366999117216167,91
loc,loc_cor,0.0016100868009659534,92
loc,soc_cor,0.023480641737507846,92
loc,loc_cor,-0.01088695319961847,93
loc,soc_cor,0.008232935580373791,93
loc,loc_cor,0.018403443484183067,94
loc,soc_cor,-0.0022563957823619977,94
loc,loc_cor,-0.02687421142889159,95
loc,soc_cor,0.022353131525077802,95
loc,loc_cor,0.013773661344032136,96
loc,soc_cor,-0.01322041865635356,96
soc,loc_cor,-0.012384934112752885,97
soc,soc_cor,0.010222889847958157,97
soc,loc_cor,-3.945850558455255e-05,98
soc,soc_cor,0.0008767895104472706,98
soc,loc_cor,-0.0002805673032271194,99
soc,soc_cor,-0.016349242215726922,99
soc,loc_cor,-0.051674702824756086,100
soc,soc_cor,0.05911056707922116,100
soc,loc_cor,0.09576665460667086,101
soc,soc_cor,0.016684840079076075,101
soc,loc_cor,-0.011787059484209675,102
soc,soc_cor,0.035477694013089964,102
soc,loc_cor,0.03730598969830424,103
soc,soc_cor,0.007898680633725987,103
soc,loc_cor,-0.007417046561209473,104
soc,soc_cor,0.004746035248514451,104
soc,loc_cor,0.006516121298354129,105
soc,soc_cor,0.021165957569605123,105
soc,loc_cor,-0.02646358462057768,106
soc,soc_cor,-0.025516329708168303,106
np,loc_cor,-0.009173117273581163,107
np,soc_cor,0.0322715195449404,107
np,loc_cor,-0.0006723129080676597,108
np,soc_cor,-0.007967669109136107,108
np,loc_cor,-0.03003994723236391,109
np,soc_cor,0.0646621364495379,109
np,loc_cor,0.01746998322748863,110
np,soc_cor,-0.0026872505703829214,110
np,loc_cor,0.005145090096699269,111
np,soc_cor,0.0071683321262596906,111
np,loc_cor,0.017879937522336724,112
np,soc_cor,0.02401330863553236,112
np,loc_cor,0.00848547284151984,113
np,soc_cor,-0.00040814606426670076,113
np,loc_cor,0.021543398880864657,114
np,soc_cor,0.0068181205300241075,114
loc,loc_cor,-0.004582257825165463,115
loc,soc_cor,-0.001323450263313705,115
loc,loc_cor,0.005422438718729604,116
loc,soc_cor,0.0015134605388679124,116
loc,loc_cor,0.011977785872864567,117
loc,soc_cor,0.005785478320714997,117
loc,loc_cor,0.018906311110585303,118
loc,soc_cor,0.00116450080253158,118
loc,loc_cor,0.008057505780270788,119
loc,soc_cor,0.0002727843492329558,119
loc,loc_cor,-0.02743930829085261,120
loc,soc_cor,0.028414340232872395,120
loc,loc_cor,0.009693724871690835,121
loc,soc_cor,0.004261360061082217,121
loc,loc_cor,0.04526214211966097,122
loc,soc_cor,0.0018670003834798795,122
loc,loc_cor,0.01640479857754187,123
loc,soc_cor,-0.005771576935775291,123
soc,loc_cor,0.013837062027937448,124
soc,soc_cor,0.003770100096474941,124
soc,loc_cor,0.0036322667646608636,125
soc,soc_cor,0.004155315104711761,125
soc,loc_cor,0.013453598034674052,126
soc,soc_cor,0.01259740029938345,126
soc,loc_cor,0.00790956342533558,127
soc,soc_cor,0.0019481709769190855,127
soc,loc_cor,0.011271882108744132,128
soc,soc_cor,0.008759511765414212,128
soc,loc_cor,0.03306330226872114,129
soc,soc_cor,-2.3217589678617423e-05,129
np,loc_cor,-4.557427349523996e-05,130
np,soc_cor,-0.002158526813110068,130
np,loc_cor,0.024236069210199877,131
np,soc_cor,-0.008060321649314573,131
np,loc_cor,-0.021263325648502644,132
np,soc_cor,-0.003243288839308114,132
np,loc_cor,-0.012801210244587507,133
np,soc_cor,0.004844465503399764,133
np,loc_cor,-0.015557837766248568,134
np,soc_cor,0.037393316715713366,134
np,loc_cor,-0.008253656661158609,135
np,soc_cor,-0.014053638703259465,135
np,loc_cor,-0.0022492877767655677,136
np,soc_cor,-0.004627456617944479,136
np,loc_cor,0.023471532910334866,137
np,soc_cor,0.032147188028620904,137
np,loc_cor,-0.01144187165839941,138
np,soc_cor,-0.007316134257737188,138
np,loc_cor,-0.021023855203707777,139
np,soc_cor,0.00451394745194242,139
np,loc_cor,0.0011146148346805086,140
np,soc_cor,-0.0015781357934016582,140
loc,loc_cor,0.013834533821302605,141
loc,soc_cor,0.024649543552566218,141
loc,loc_cor,0.003182208001036059,142
loc,soc_cor,-0.009850001157112948,142
loc,loc_cor,-0.017272026496218243,143
loc,soc_cor,0.0021390452977628864,143
loc,loc_cor,-0.025415477436930855,144
loc,soc_cor,-0.012841049202908354,144
loc,loc_cor,-0.0007025002114478714,145
loc,soc_cor,0.008178931362337093,145
loc,loc_cor,-0.014706427941196898,146
loc,soc_cor,-0.009211619637943019,146
soc,loc_cor,-0.004779801013488266,147
soc,soc_cor,0.00574636739335809,147
soc,loc_cor,-0.018637194228183832,148
soc,soc_cor,0.006170770398860716,148
soc,loc_cor,-0.015979081739512038,149
soc,soc_cor,-0.015782170126017774,149
soc,loc_cor,-0.004992695072019562,150
soc,soc_cor,-0.008067672971745621,150
soc,loc_cor,0.006784178091178636,151
soc,soc_cor,-0.001557727131251685,151
soc,loc_cor,0.016971501438081293,152
soc,soc_cor,0.008416433743985154,152
soc,loc_cor,-0.0016475379574747637,153
soc,soc_cor,-0.011031138775241424,153
soc,loc_cor,-0.014498230699868242,154
soc,soc_cor,0.002160950428976972,154
soc,loc_cor,0.02210479150313098,155
soc,soc_cor,0.006728949242492363,155
soc,loc_cor,-0.004672973501474612,156
soc,soc_cor,-0.0059997792438201605,156
soc,loc_cor,-0.04513191729297486,157
soc,soc_cor,-0.029371320910815603,157
soc,loc_cor,-0.020477144818960142,158
soc,soc_cor,0.017104051560030975,158
np,loc_cor,0.004587910563072046,159
np,soc_cor,-0.009420957025162522,159
np,loc_cor,0.024486739484105426,160
np,soc_cor,0.010684919429894569,160
np,loc_cor,0.007409454096484323,161
np,soc_cor,0.0010722413730474868,161
np,loc_cor,0.022340044217236423,162
np,soc_cor,-0.014056694078475032,162
np,loc_cor,0.014210813443899791,163
np,soc_cor,0.00107189636970821,163
np,loc_cor,0.015746349500718362,164
np,soc_cor,0.02414184534842066,164
np,loc_cor,0.009586832797386115,165
np,soc_cor,0.0042451602311808735,165
np,loc_cor,0.01569855360050884,166
np,soc_cor,-0.002147047589647595,166
np,loc_cor,0.013267257219535335,167
np,soc_cor,-0.007925560597547758,167
np,loc_cor,-0.06123032687126066,168
np,soc_cor,0.003509954403232713,168
loc,loc_cor,0.02980043286345174,169
loc,soc_cor,-0.004039508993870072,169
loc,loc_cor,0.015025735118493765,170
loc,soc_cor,0.0002757748386962202,170
loc,loc_cor,0.008050626297585784,171
loc,soc_cor,0.0020886224793442675,171
loc,loc_cor,0.021782328867350407,172
loc,soc_cor,0.004096071779913403,172
loc,loc_cor,-0.010677512339649498,173
loc,soc_cor,-0.017074046046389506,173
loc,loc_cor,0.022042602956175456,174
loc,soc_cor,0.027766593834009392,174
soc,loc_cor,0.0011248805580443902,175
soc,soc_cor,0.008876339487307856,175
soc,loc_cor,0.006019667079637511,176
soc,soc_cor,0.00032051308592622157,176
soc,loc_cor,0.010655176369486655,177
soc,soc_cor,0.018070062083695354,177
soc,loc_cor,0.025203491023475282,178
soc,soc_cor,0.015215499555617273,178
soc,loc_cor,0.10537628557523011,179
soc,soc_cor,0.07094866845262668,179
soc,loc_cor,0.0052211594842073335,180
soc,soc_cor,0.01735297217284202,180
soc,loc_cor,0.038490194733859756,181
soc,soc_cor,0.0020055403055553402,181
soc,loc_cor,0.005772750082613059,182
soc,soc_cor,0.02951166808183881,182
np,loc_cor,0.08416621096988183,183
np,soc_cor,0.03738340935582885,183
np,loc_cor,0.01731123230129269,184
np,soc_cor,0.008474558575488282,184
np,loc_cor,-0.006369302423990128,185
np,soc_cor,-0.007471610903215252,185
np,loc_cor,0.021559987783307356,186
np,soc_cor,-0.008810034304365761,186
np,loc_cor,-0.03346465929862392,187
np,soc_cor,-0.031818034358241584,187
np,loc_cor,0.045136434232054296,188
np,soc_cor,-0.009214384657350402,188
np,loc_cor,0.02122096299362314,189
np,soc_cor,-0.0008771498653240145,189
loc,loc_cor,0.0005693917366837581,190
loc,soc_cor,0.010174318129503881,190
loc,loc_cor,0.031225639827679393,191
loc,soc_cor,0.01358883782423953,191
loc,loc_cor,0.029191203135925648,192
loc,soc_cor,-0.007172643460584104,192
loc,loc_cor,0.017893539958114945,193
loc,soc_cor,0.006968657783168097,193
loc,loc_cor,-0.014402736129687498,194
loc,soc_cor,0.0177721934914369,194
loc,loc_cor,0.0169997777330238,195
loc,soc_cor,0.007110911518366638,195
soc,loc_cor,-0.027959307947467604,196
soc,soc_cor,0.058186277659052,196
soc,loc_cor,-0.007180390474806203,197
soc,soc_cor,0.010406167086483696,197
soc,loc_cor,0.007824588817787557,198
soc,soc_cor,0.0108792469554925,198
soc,loc_cor,-0.0020419377061402025,199
soc,soc_cor,-0.008524519041974297,199
soc,loc_cor,0.0452378981995436,200
soc,soc_cor,0.012728016354305597,200
soc,loc_cor,0.03167547044266586,201
soc,soc_cor,0.008410666939476445,201
soc,loc_cor,0.003921711144382823,202
soc,soc_cor,-0.01148746917340901,202
soc,loc_cor,0.001931000909613529,203
soc,soc_cor,-0.005148499972786591,203
soc,loc_cor,-0.011433708700861626,204
soc,soc_cor,0.01385059971715193,204
np,loc_cor,0.012663169532163322,205
np,soc_cor,0.03497522057212417,205
np,loc_cor,0.01707723400420337,206
np,soc_cor,0.01798770773970236,206
np,loc_cor,-1.7693123848982334e-05,207
np,soc_cor,0.007873493163816678,207
np,loc_cor,-0.016044225066133032,208
np,soc_cor,0.044411585100529255,208
np,loc_cor,0.018330051099108922,209
np,soc_cor,0.0005767898979400464,209
np,loc_cor,-0.013068774881489961,210
np,soc_cor,-0.016145217483066625,210
np,loc_cor,-0.013070985090150583,211
np,soc_cor,0.042562738910365744,211
np,loc_cor,-0.009347593882436138,212
np,soc_cor,-0.03975783657037813,212
loc,loc_cor,0.012951642848461935,213
loc,soc_cor,-0.010430332136509407,213
loc,loc_cor,0.004545729620274955,214
loc,soc_cor,-0.010979031193297076,214
loc,loc_cor,0.022368588730924725,215
loc,soc_cor,0.010516983276007232,215
loc,loc_cor,0.016371147162225964,216
loc,soc_cor,0.008383425743451287,216
loc,loc_cor,0.021399566233692782,217
loc,soc_cor,0.004963004049931746,217
loc,loc_cor,-0.0037265892183516378,218
loc,soc_cor,0.011758582162867424,218
soc,loc_cor,0.01980025613386423,219
soc,soc_cor,0.01151633771933084,219
soc,loc_cor,-0.013912585254601815,220
soc,soc_cor,0.035709611118692045,220
soc,loc_cor,-0.011434308207654858,221
soc,soc_cor,0.021147454747048676,221
soc,loc_cor,-0.0009590010737413369,222
soc,soc_cor,0.012869362097472421,222
soc,loc_cor,0.009340734460468432,223
soc,soc_cor,-0.025089272993266475,223
soc,loc_cor,0.011769048404890044,224
soc,soc_cor,0.018602707749428654,224
soc,loc_cor,0.005875569295557,225
soc,soc_cor,0.010849371626041063,225
np,loc_cor,0.009770683531948375,226
np,soc_cor,0.01602694999897401,226
np,loc_cor,0.0015175053512783091,227
np,soc_cor,0.022100240150591532,227
np,loc_cor,0.007084056721920964,228
np,soc_cor,0.012532145439118438,228
np,loc_cor,-0.014094021185105547,229
np,soc_cor,0.033092046082696204,229
np,loc_cor,0.007342149686709097,230
np,soc_cor,0.02322837796894342,230
np,loc_cor,0.026029828366259902,231
np,soc_cor,0.02010811399577611,231
np,loc_cor,0.014001738257339818,232
np,soc_cor,0.016295646569131392,232
np,loc_cor,0.002166709681739898,233
np,soc_cor,0.010980817607411604,233
loc,loc_cor,0.01063053174434264,234
loc,soc_cor,0.0017935913417691188,234
loc,loc_cor,0.009868365101779667,235
loc,soc_cor,0.003864510155138126,235
loc,loc_cor,0.01370213655570269,236
loc,soc_cor,-0.009468138738149357,236
loc,loc_cor,0.0015041367015514815,237
loc,soc_cor,0.016455713309449765,237
loc,loc_cor,0.005323185920049449,238
loc,soc_cor,0.007746334715477775,238
loc,loc_cor,0.028932663146155446,239
loc,soc_cor,0.008089137956360376,239
loc,loc_cor,0.03970816520844498,240
loc,soc_cor,0.0020396606981783975,240
loc,loc_cor,0.03269511752841577,241
loc,soc_cor,-0.007335358276385103,241
loc,loc_cor,0.02068582658421802,242
loc,soc_cor,0.03224652196026309,242
soc,loc_cor,0.014819753702289938,243
soc,soc_cor,0.01812648910617609,243
soc,loc_cor,0.014197776004704695,244
soc,soc_cor,-0.0014211600865046848,244
soc,loc_cor,0.012463773661550942,245
soc,soc_cor,0.005611130984915631,245
soc,loc_cor,-0.038280331630610384,246
soc,soc_cor,0.020721171196842143,246
soc,loc_cor,-0.01242183919694599,247
soc,soc_cor,0.02231806982647294,247
soc,loc_cor,0.02470211164853954,248
soc,soc_cor,0.00898295166739781,248
soc,loc_cor,-0.015523769414247502,249
soc,soc_cor,0.01399847201358459,249
np,loc_cor,0.018368189375328425,250
np,soc_cor,0.002600945577098718,250
np,loc_cor,0.0028517693107447187,251
np,soc_cor,0.040677016140912986,251
np,loc_cor,0.021175134403913793,252
np,soc_cor,0.013232753475404738,252
np,loc_cor,-0.013938441275560473,253
np,soc_cor,0.029631735764155745,253
np,loc_cor,-0.001022035512780229,254
np,soc_cor,0.01365244309591025,254
np,loc_cor,0.0014542911129546837,255
np,soc_cor,-0.01067773372802996,255
np,loc_cor,0.0016758510948567847,256
np,soc_cor,0.013963029216605216,256
np,loc_cor,-0.02440746358880634,257
np,soc_cor,0.028032433914198046,257
loc,loc_cor,0.010827670346476945,258
loc,soc_cor,0.014962167601395225,258
loc,loc_cor,0.010951031410060128,259
loc,soc_cor,0.03008880741353028,259
loc,loc_cor,0.010451312591716173,260
loc,soc_cor,0.02054432510929082,260
loc,loc_cor,0.002617583316405152,261
loc,soc_cor,0.017532694443316434,261
loc,loc_cor,0.014095600182205178,262
loc,soc_cor,0.005491859743580357,262
loc,loc_cor,0.03189383975897819,263
loc,soc_cor,0.018789088757617187,263
loc,loc_cor,0.0633824257043194,264
loc,soc_cor,0.018045030896795586,264
loc,loc_cor,0.011211547542698968,265
loc,soc_cor,0.008567378224301718,265
loc,loc_cor,0.0610518882012968,266
loc,soc_cor,0.009621022635309529,266
soc,loc_cor,0.021648513106515572,267
soc,soc_cor,0.018941060480463595,267
soc,loc_cor,0.004516582761004129,268
soc,soc_cor,0.01775315519253111,268
soc,loc_cor,0.001609850685016151,269
soc,soc_cor,-0.004287970619763723,269
soc,loc_cor,0.008174374415028659,270
soc,soc_cor,0.06819478376515956,270
soc,loc_cor,0.006201623897890203,271
soc,soc_cor,0.0036897084116354496,271
soc,loc_cor,-0.05783523347949916,272
soc,soc_cor,0.07593653626779341,272
soc,loc_cor,0.006314672774691641,273
soc,soc_cor,-0.006392896286743443,273
soc,loc_cor,0.003974092577099294,274
soc,soc_cor,0.0023730702497112306,274
np,loc_cor,0.0022907466719698996,275
np,soc_cor,0.027980496238832985,275
np,loc_cor,-0.007841805934596793,276
np,soc_cor,-0.03230784475241229,276
np,loc_cor,0.040777716464732564,277
np,soc_cor,0.014689384202638923,277
np,loc_cor,0.002729869170831803,278
np,soc_cor,0.0216845075765762,278
np,loc_cor,0.061414098283179425,279
np,soc_cor,0.044836149761869365,279
np,loc_cor,-0.00039788343255284936,280
np,soc_cor,0.015536722039155338,280
np,loc_cor,0.022773138384692488,281
np,soc_cor,0.02602195991383954,281
np,loc_cor,0.001567389700581845,282
np,soc_cor,0.0035916547404785427,282
loc,loc_cor,0.007234402127459575,283
loc,soc_cor,-0.0035794681431563467,283
loc,loc_cor,-1.1743720347678899e-05,284
loc,soc_cor,0.021835919691863343,284
loc,loc_cor,0.03372777131330015,285
loc,soc_cor,0.029390216379397382,285
loc,loc_cor,-0.0034319004154351324,286
loc,soc_cor,0.020914957478273145,286
loc,loc_cor,0.002382821878525499,287
loc,soc_cor,0.0028422431465841835,287
loc,loc_cor,0.009735949195411344,288
loc,soc_cor,-0.0036558335698673883,288
loc,loc_cor,0.01920288472149326,289
loc,soc_cor,0.007166889282236792,289
loc,loc_cor,0.05740101582669935,290
loc,soc_cor,0.012243128872112558,290
soc,loc_cor,0.01349136360068914,291
soc,soc_cor,0.01685704250849494,291
soc,loc_cor,-0.008351593648848899,292
soc,soc_cor,-0.0158497542324643,292
soc,loc_cor,-0.007938747679540642,293
soc,soc_cor,0.002879535253188896,293
soc,loc_cor,0.029621011990400948,294
soc,soc_cor,0.01815627061236447,294
soc,loc_cor,0.006049274307408061,295
soc,soc_cor,0.03466487844839489,295
np,loc_cor,0.004523525444448232,296
np,soc_cor,0.0026922810041042997,296
np,loc_cor,-0.006707381218418464,297
np,soc_cor,0.01801114282499299,297
np,loc_cor,0.021132251927073128,298
np,soc_cor,0.06388764271711382,298
np,loc_cor,-0.004357636429859138,299
np,soc_cor,0.0937347364926054,299
np,loc_cor,-0.0015410317910804524,300
np,soc_cor,-0.0020496151500952135,300
np,loc_cor,0.0011680073573721158,301
np,soc_cor,0.018597889260157298,301
loc,loc_cor,-0.019665417795501915,302
loc,soc_cor,0.045436678482632664,302
loc,loc_cor,0.009098941563022132,303
loc,soc_cor,0.010920793937622639,303
loc,loc_cor,0.006330200914780641,304
loc,soc_cor,0.020713241425987086,304
loc,loc_cor,-0.0015879214460910404,305
loc,soc_cor,-0.001743447187099345,305
loc,loc_cor,0.003723362510954974,306
loc,soc_cor,0.013396771465357454,306
loc,loc_cor,-0.002084337182235384,307
loc,soc_cor,-0.004498521904176642,307
loc,loc_cor,0.0004957586355068722,308
loc,soc_cor,0.040976329619197685,308
loc,loc_cor,0.007554998964184172,309
loc,soc_cor,0.008852405433909543,309
soc,loc_cor,0.016418008323873485,310
soc,soc_cor,-0.005946562514109082,310
soc,loc_cor,-0.024421877161136456,311
soc,soc_cor,-0.004261577897230707,311
soc,loc_cor,0.011458790231455402,312
soc,soc_cor,-0.006821653425208701,312
soc,loc_cor,0.07440491246586073,313
soc,soc_cor,0.04129035797361363,313
soc,loc_cor,-0.0029345723722411917,314
soc,soc_cor,0.01964553280506761,314
soc,loc_cor,-0.005629563208973348,315
soc,soc_cor,-0.0012078774814191992,315
soc,loc_cor,-0.011786846846658204,316
soc,soc_cor,0.021676215779006365,316
soc,loc_cor,-0.026831827351772395,317
soc,soc_cor,0.023714460084309205,317
soc,loc_cor,0.023728731792798552,318
soc,soc_cor,-0.001243849825045237,318
np,loc_cor,0.013055598929756097,319
np,soc_cor,-0.010560112517431415,319
np,loc_cor,0.002835494703612596,320
np,soc_cor,0.0009033140735328973,320
np,loc_cor,0.010438657046851794,321
np,soc_cor,0.01088014753105028,321
np,loc_cor,0.00782301830117034,322
np,soc_cor,0.005507296277456896,322
np,loc_cor,-0.005263245449672053,323
np,soc_cor,-0.011682759547969044,323
np,loc_cor,0.020812961779178785,324
np,soc_cor,0.008983939795529864,324
np,loc_cor,-0.0076105492477553174,325
np,soc_cor,-0.025431075304231873,325
loc,loc_cor,0.02103368859376904,326
loc,soc_cor,-0.02481575697901998,326
loc,loc_cor,0.030986501398112157,327
loc,soc_cor,-0.0103915686725515,327
loc,loc_cor,-0.007528764500526242,328
loc,soc_cor,0.0509994373400281,328
loc,loc_cor,0.006106091314868903,329
loc,soc_cor,-0.013506955738170462,329
loc,loc_cor,0.0075255753865193925,330
loc,soc_cor,0.02684293692405193,330
loc,loc_cor,0.015275041077877253,331
loc,soc_cor,0.01210944465675165,331
loc,loc_cor,0.00658540297510362,332
loc,soc_cor,-0.002422699930732186,332
loc,loc_cor,-0.00033587333772854,333
loc,soc_cor,0.025591039385661936,333
loc,loc_cor,-0.04988909621831645,334
loc,soc_cor,0.004397415457058462,334
loc,loc_cor,-0.004655985163253199,335
loc,soc_cor,-0.013957263868428129,335
soc,loc_cor,-0.008855316879024912,336
soc,soc_cor,0.00021120794507574828,336
soc,loc_cor,0.015441771907885784,337
soc,soc_cor,0.006915727950399814,337
soc,loc_cor,-0.005245493628764761,338
soc,soc_cor,-0.020395753512949682,338
soc,loc_cor,-0.06549834310635956,339
soc,soc_cor,-0.05339060516979303,339
soc,loc_cor,-0.07009262265390209,340
soc,soc_cor,-0.034333513551745604,340
soc,loc_cor,0.0044521443828179075,341
soc,soc_cor,0.004419606995160655,341
np,loc_cor,0.025289274468825004,342
np,soc_cor,0.028248356253525873,342
np,loc_cor,0.08495096278145858,343
np,soc_cor,0.05625544073772454,343
np,loc_cor,0.004348604386381286,344
np,soc_cor,0.004816188734182037,344
np,loc_cor,0.0095110273920378,345
np,soc_cor,0.0228791951090505,345
np,loc_cor,0.020274930903555158,346
np,soc_cor,0.060473124276296114,346
np,loc_cor,0.030805871216837664,347
np,soc_cor,0.029568399641297965,347
np,loc_cor,0.015624853510316894,348
np,soc_cor,0.04243227323365463,348
loc,loc_cor,0.00508738990828585,349
loc,soc_cor,0.008896999781350882,349
loc,loc_cor,0.025078169089132338,350
loc,soc_cor,0.041835692094964405,350
loc,loc_cor,-0.0026186568623592084,351
loc,soc_cor,0.009682394344545153,351
loc,loc_cor,0.010597790731468465,352
loc,soc_cor,0.011273708010547577,352
loc,loc_cor,0.019396381778773286,353
loc,soc_cor,0.015820323885500018,353
loc,loc_cor,0.030768556929156858,354
loc,soc_cor,0.022404230382896264,354
soc,loc_cor,0.016590676946598982,355
soc,soc_cor,0.015017099766236622,355
soc,loc_cor,0.005217436051820182,356
soc,soc_cor,0.016583697174324626,356
soc,loc_cor,0.012190696457157684,357
soc,soc_cor,0.03339077587560699,357
soc,loc_cor,0.0024413948420396797,358
soc,soc_cor,-0.005976379561494027,358
soc,loc_cor,0.03403708980046082,359
soc,soc_cor,0.02627914442098035,359
soc,loc_cor,0.0651092131343581,360
soc,soc_cor,0.02878703610431897,360
soc,loc_cor,0.0121221643314995,361
soc,soc_cor,-0.0014923471713012351,361
soc,loc_cor,0.005466579905787919,362
soc,soc_cor,0.011773040957924506,362
np,loc_cor,-0.0009356605967856917,363
np,soc_cor,0.024144377322868338,363
np,loc_cor,0.0025136104578591216,364
np,soc_cor,0.001529946586536289,364
np,loc_cor,0.009202479852765368,365
np,soc_cor,0.027534898434129075,365
np,loc_cor,-0.005217642231038072,366
np,soc_cor,0.02181698305174795,366
np,loc_cor,0.006481298959295417,367
np,soc_cor,0.0083987025920466,367
np,loc_cor,0.0015385221075944616,368
np,soc_cor,0.01820619135419508,368
np,loc_cor,0.010629942136728795,369
np,soc_cor,0.03740084918717372,369
loc,loc_cor,0.0059662719219686425,370
loc,soc_cor,-0.00987297070590208,370
loc,loc_cor,-0.004115117050613622,371
loc,soc_cor,-0.006406115802742394,371
loc,loc_cor,-0.0006219074564187202,372
loc,soc_cor,0.0080092850118485,372
loc,loc_cor,0.026924849648531358,373
loc,soc_cor,0.005739751988367722,373
loc,loc_cor,0.0025118585906737413,374
loc,soc_cor,0.007011983502329497,374
loc,loc_cor,-0.003269815164911028,375
loc,soc_cor,0.003937941928356059,375
loc,loc_cor,-0.004166178825167684,376
loc,soc_cor,0.012648408163355336,376
soc,loc_cor,0.00600992922219315,377
soc,soc_cor,0.0015425253365597552,377
soc,loc_cor,0.011742698029874172,378
soc,soc_cor,0.022667370222046977,378
soc,loc_cor,0.023936532163281506,379
soc,soc_cor,8.290106860677632e-05,379
soc,loc_cor,-0.003350325616175702,380
soc,soc_cor,0.013338795113240126,380
soc,loc_cor,-0.004434370459071361,381
soc,soc_cor,0.00164618071298284,381
soc,loc_cor,0.023280117831405493,382
soc,soc_cor,0.0007867640426993949,382
soc,loc_cor,-0.010703534928184787,383
soc,soc_cor,0.007045369703308171,383
